,adult,backdrop_path,genre_ids,id,original_language,original_title,overview,popularity,poster_path,release_date,title,video,vote_average,vote_count
0,False,/xg27NrXi7VXCGUr7MG75UqLl6Vg.jpg,"[16, 10751, 12, 35]",1022789,en,Inside Out 2,"Teenager Riley's mind headquarters is undergoing a sudden demolition to make room for something entirely unexpected: new Emotions! Joy, Sadness, Anger, Fear and Disgust, who’ve long been running a successful operation by all accounts, aren’t sure how to feel when Anxiety shows up. And it looks like she’s not alone.",5486.588,/vpnVM9B6NMmQpWeZvzLvDESb2QY.jpg,2024-06-11,Inside Out 2,False,7.743,935
1,False,/fqv8v6AycXKsivp1T5yKtLbGXce.jpg,"[878, 12, 28]",653346,en,Kingdom of the Planet of the Apes,"Several generations in the future following Caesar's reign, apes are now the dominant species and live harmoniously while humans have been reduced to living in the shadows. As a new tyrannical ape leader builds his empire, one young ape undertakes a harrowing journey that will cause him to question all that he has known about the past and to make choices that will define a future for apes and humans alike.",2140.845,/gKkl37BQuKTanygYQG1pyYgLVgf.jpg,2024-05-08,Kingdom of the Planet of the Apes,False,6.872,1235
2,False,/wNAhuOZ3Zf84jCIlrcI6JhgmY5q.jpg,"[28, 12, 878]",786892,en,Furiosa: A Mad Max Saga,"As the world fell, young Furiosa is snatched from the Green Place of Many Mothers and falls into the hands of a great Biker Horde led by the Warlord Dementus. Sweeping through the Wasteland they come across the Citadel presided over by The Immortan Joe. While the two Tyrants war for dominance, Furiosa must survive many trials as she puts together the means to find her way home.",2169.49,/iADOJ8Zymht2JPMoy3R7xceZprc.jpg,2024-05-22,Furiosa: A Mad Max Saga,False,7.691,1199
3,False,/j29ekbcLpBvxnGk6LjdTc2EI5SA.jpg,"[16, 10751, 12, 18, 35]",150540,en,Inside Out,"When 11-year-old Riley moves to a new city, her Emotions team up to help her through the transition. Joy, Fear, Anger, Disgust and Sadness work together, but when Joy and Sadness get lost, they must journey through unfamiliar places to get back home.",1750.387,/2H1TmgdfNtsKlU9jKdeNyYL5y8T.jpg,2015-06-17,Inside Out,False,7.915,20891
4,False,/gRApXuxWmO2forYTuTmcz5RaNUV.jpg,"[28, 80, 53, 35]",573435,en,Bad Boys: Ride or Die,"After their late former Captain is framed, Lowrey and Burnett try to clear his name, only to end up on the run themselves.",1444.485,/nP6RliHjxsz4irTKsxe8FRhKZYl.jpg,2024-06-05,Bad Boys: Ride or Die,False,7.0,436
5,False,/fZv4EldEPurSz0d2uVIoL4Sng8x.jpg,"[28, 18, 53]",1016346,bn,MR-9: Do or Die,Masud Rana is a Secret Agent with code name MR-9 of the Bangladesh Counter Intelligence Agency,1272.429,/geAWZUshBg4hS8TIeLOEhJbglpo.jpg,2023-08-25,MR-9: Do or Die,False,6.6,75
6,False,/iTWrsOVsUqcwYSxrpINNs3hG2nC.jpg,"[53, 27, 28, 9648]",1001311,fr,Sous la Seine,"In the Summer of 2024, Paris is hosting the World Triathlon Championships on the Seine for the first time. Sophia, a brilliant scientist, learns from Mika, a young environmental activist, that a large shark is swimming deep in the river. To avoid a bloodbath at the heart of the city, they have no choice but to join forces with Adil, the Seine river police commander.",1208.287,/3GuTGq5IhoGqfZIFY7opswRI6Fe.jpg,2024-06-05,Under Paris,False,6.012,737
7,False,/nxxCPRGTzxUH8SFMrIsvMmdxHti.jpg,"[35, 14, 10751]",639720,en,IF,A young girl who goes through a difficult experience begins to see everyone's imaginary friends who have been left behind as their real-life friends have grown up.,1094.473,/xbKFv4KF3sVYuWKllLlwWDmuZP7.jpg,2024-05-08,IF,False,7.5,433
8,False,/jvPMJ2zM92jfXxVEFsqP1MMrLaO.jpg,"[878, 28, 12]",823464,en,Godzilla x Kong: The New Empire,"Following their explosive showdown, Godzilla and Kong must reunite against a colossal undiscovered threat hidden within our world, challenging their very existence – and our own.",1234.383,/z1p34vh7dEOnLDmyCrlUVLuoDzd.jpg,2024-03-27,Godzilla x Kong: The New Empire,False,7.2,2921
9,False,/z121dSTR7PY9KxKuvwiIFSYW8cf.jpg,"[10752, 28, 18]",929590,en,Civil War,"In the near future, a group of war journalists attempt to survive while reporting the truth as the United States stands on the brink of civil war.",1036.801,/sh7Rg8Er3tFcN9BpKIPOMvALgZd.jpg,2024-04-10,Civil War,False,7.008,1724
10,False,/vblTCXOWUQGSc837vgbhDRi4HSc.jpg,"[28, 80, 35, 53]",955555,ko,The Roundup: Punishment,"Detective Ma Seok-do changes his affiliation from the Geumcheon Police Station to the Metropolitan Investigation Team, in order to eradicate Japanese gangsters who enter Korea to commit heinous crimes.",837.306,/lW6IHrtaATxDKYVYoQGU5sh0OVm.jpg,2023-05-31,The Roundup: No Way Out,False,7.216,324
11,False,/kYgQzzjNis5jJalYtIHgrom0gOx.jpg,"[16, 28, 10751, 35, 14]",1011985,en,Kung Fu Panda 4,"Po is gearing up to become the spiritual leader of his Valley of Peace, but also needs someone to take his place as Dragon Warrior. As such, he will train a new kung fu practitioner for the spot and will encounter a villain called the Chameleon who conjures villains from the past.",707.968,/kDp1vUBnMpe8ak4rjgl3cLELqjU.jpg,2024-03-02,Kung Fu Panda 4,False,7.1,2124
12,False,/g5Ha2DhXIuxsUl4gaDnbw3jOAlo.jpg,[28],1115623,en,The Last Kumite,"When Karate champion Michael Rivers wins the last tournament of his career, shady businessman Ron Hall offers him the opportunity to fight in an illegal Kumite in Bulgaria against the world’s best martial artists.  When Michael declines, Hall has his daughter kidnapped and, in order to rescue her, Rivers is left with no choice but to compete in the deadly tournament. Arriving in Bulgaria, he finds out that he is not the only fighter whose loved one was taken. Rivers enlists the help of trainers Master Loren, and Julie Jackson but will it be enough for him to win the tournament and save his daughter’s life?",717.446,/zDkaJgsPoSqa2cMe2hW2HAfyWwO.jpg,2024-05-09,The Last Kumite,False,7.245,53
13,False,/SI22DaQXIfDvLrNBHGpSVShrsC.jpg,"[16, 878, 10751, 28]",829402,en,Ultraman: Rising,"With Tokyo under attack from kaiju, Ultraman discovers his greatest challenge isn’t fighting giant monsters - it’s raising one.",607.23,/j886YEkIUsiImY53px5VHKD4lRa.jpg,2024-06-14,Ultraman: Rising,False,8.419,124
14,False,/3TNSoa0UHGEzEz5ndXGjJVKo8RJ.jpg,"[878, 28]",614933,en,Atlas,A brilliant counterterrorism analyst with a deep distrust of AI discovers it might be her only hope when a mission to capture a renegade robot goes awry.,621.007,/bcM2Tl5HlsvPBnL8DKP9Ie6vU4r.jpg,2024-05-23,Atlas,False,6.816,893
15,False,/fDmci71SMkfZM8RnCuXJVDPaSdE.jpg,"[16, 10751, 35, 28]",519182,en,Despicable Me 4,"Gru and Lucy and their girls — Margo, Edith and Agnes — welcome a new member to the Gru family, Gru Jr., who is intent on tormenting his dad. Gru faces a new nemesis in Maxime Le Mal and his femme fatale girlfriend Valentina, and the family is forced to go on the run.",803.555,/wWba3TaojhK7NdycRhoQpsG0FaH.jpg,2024-06-20,Despicable Me 4,False,8.5,53
16,False,/cZmOrIOkJ2SNfVdiO85dUbOAYnL.jpg,"[16, 18]",1012201,ja,劇場版ハイキュー!! ゴミ捨て場の決戦,"Shoyo Hinata joins Karasuno High's volleyball club to be like his idol, a former Karasuno player known as the 'Little Giant'. But Hinata soon learns that he must team up with his middle school nemesis, Tobio Kageyama. Their clashing styles form a surprising weapon, but can their newfound teamwork defeat their rival Nekoma High in the highly anticipated 'Dumpster Battle', the long awaited ultimate showdown between two opposing underdog teams?",566.47,/ntRU0OA4etGGiMMmH1Yw0bnaMdW.jpg,2024-02-16,HAIKYU!! The Dumpster Battle,False,7.4,58
17,False,/oZDRuGHhe5uY8wBqFJcJZT9kdvJ.jpg,"[27, 9648, 14]",1086747,en,The Watchers,"A young artist gets stranded in an extensive, immaculate forest in western Ireland, where, after finding shelter, she becomes trapped alongside three strangers, stalked by mysterious creatures each night.",606.398,/vZVEUPychdvZLrTNwWErr9xZFmu.jpg,2024-06-06,The Watchers,False,6.196,179
18,False,/oavbmL3iddJUmC8nQjL6bLHwAP4.jpg,[27],719221,en,Tarot,"When a group of friends recklessly violate the sacred rule of Tarot readings, they unknowingly unleash an unspeakable evil trapped within the cursed cards. One by one, they come face to face with fate and end up in a race against death.",558.117,/gAEUXC37vl1SnM7PXsHTF23I2vq.jpg,2024-05-01,Tarot,False,6.638,589
19,False,/H5HjE7Xb9N09rbWn1zBfxgI8uz.jpg,"[28, 35]",746036,en,The Fall Guy,"Fresh off an almost career-ending accident, stuntman Colt Seavers has to track down a missing movie star, solve a conspiracy and try to win back the love of his life while still doing his day job.",579.014,/aBkqu7EddWK7qmY4grL4I6edx2h.jpg,2024-04-24,The Fall Guy,False,7.283,1397
20,False,/gGmf3CyHdXvaZtcun0DvU1WSNft.jpg,"[28, 14, 12]",626412,ko,외계+인 2부,"Ean has a critical mission to return to the future to save everyone. However, she becomes trapped in the distant past while trying to prevent the escape of alien prisoners who are locked up in the bodies of humans. Meanwhile, Muruk, who helps Ean escape various predicaments, is unnerved when he begins sensing the presence of a strange being in his body. Traveling through the centuries, they are trying to prevent the explosion of the haava.",567.764,/4RClncz0GTKPZzSAcAalHCw0h3g.jpg,2024-01-10,Alienoid: Return to the Future,False,6.734,320
21,False,/xOMo8BRK7PfcJv9JCnx7s5hj0PX.jpg,"[878, 12]",693134,en,Dune: Part Two,"Follow the mythic journey of Paul Atreides as he unites with Chani and the Fremen while on a path of revenge against the conspirators who destroyed his family. Facing a choice between the love of his life and the fate of the known universe, Paul endeavors to prevent a terrible future only he can foresee.",512.371,/1pdfLvkbY9ohJlCjQH2CZjjYVvJ.jpg,2024-02-27,Dune: Part Two,False,8.165,4667
22,False,/11G6N5zW0KykVS0EcNKeXHUmQj8.jpg,[10752],1136318,en,Battle Over Britain,"A young pilot, fresh out of training, is called to join a Flight while they wait for the call to scramble. Throughout a single day, he witnesses the skies of southern England filled with deadly dog fights, and after every exhausting battle the men return to their dispersal hut, only to find another of their number missing. Unwilling to surrender, the pilot and his comrades unite to take to the skies once more, determined to defend not only the airfield, but their entire country.",498.554,/8htJ7keZTwa08aC9OKyiqaq1cNJ.jpg,2023-12-01,Battle Over Britain,False,7.066,61
23,False,/1XyIHrP7X7rn3UBkNy9hPb9vCUf.jpg,"[27, 878, 53]",762441,en,A Quiet Place: Day One,"As New York City is invaded by alien creatures who hunt by sound, a woman named Sammy fights to survive.",512.014,/yrpPYKijwdMHyTGIOd1iK1h0Xno.jpg,2024-06-26,A Quiet Place: Day One,False,7.1,19
24,False,/uICcnsfkXTZOEDzFeazppwBienH.jpg,"[27, 53]",1134433,th,ธี่หยด,"When a remote village is plagued by a deadly curse, one brother must fight to save his family from a terrifying supernatural threat.",457.968,/48TDjSJpCdJ4SBOHZX3G5IjaV02.jpg,2023-10-25,Death Whisperer,False,7.313,67
25,False,/eAIHqfS3kXm7kZl4j7ZBfdegyEz.jpg,"[53, 28, 80]",38700,en,Bad Boys for Life,"Marcus and Mike are forced to confront new threats, career changes, and midlife crises as they join the newly created elite team AMMO of the Miami police department to take down the ruthless Armando Armas, the vicious leader of a Miami drug cartel.",437.073,/y95lQLnuNKdPAzw9F9Ab8kJ80c3.jpg,2020-01-15,Bad Boys for Life,False,7.129,7961
26,False,/vWzJDjLPmycnQ42IppEjMpIhrhc.jpg,"[16, 35, 10751, 12]",748783,en,The Garfield Movie,"Garfield, the world-famous, Monday-hating, lasagna-loving indoor cat, is about to have a wild outdoor adventure! After an unexpected reunion with his long-lost father – scruffy street cat Vic – Garfield and his canine friend Odie are forced from their perfectly pampered life into joining Vic in a hilarious, high-stakes heist.",430.172,/tSPsiMHb4edeBKZZjKDmhX18Jbs.jpg,2024-04-30,The Garfield Movie,False,6.757,191
27,False,/wSGF90Ki9bDaUWsAICtqQh0uqJy.jpg,"[16, 10751]",355338,en,Riley's First Date?,"Riley, now 12, who is hanging out with her parents at home when potential trouble comes knocking. Mom's and Dad's Emotions find themselves forced to deal with Riley going on her first ""date.""",388.559,/cGLwfmLqg39822RFQMUDat0UJev.jpg,2015-11-03,Riley's First Date?,False,7.191,804
28,False,/7KcwyOQL6hC6VJxN7LBB1p2GRaY.jpg,"[28, 12, 35]",1197406,es,El Halcón: Sed de Venganza,Criminals control Mexico and wrestling is now illegal. A retired fighter and a policewoman join forces to stop the perfidious criminal who has kidnapped her son.,445.333,/nUCkSoWsL9L77HdLFLCTiEyJlO7.jpg,2023-10-25,El Halcón: Sed de Venganza,False,8.9,29
29,False,/zs2S0D4sZMNbOKgs4LyZAxiX9eY.jpg,"[27, 14, 18, 9648, 53]",1197830,en,Wild Eyed and Wicked,"Lily Pierce is sick of being haunted. She decides to reconnect with her estranged father, a disgraced history professor, and learn how to draw upon a time of steel and blade when armor-clad knights rode out and dueled their monsters to the death.",414.922,/nJMNvYZ21bMdB2Pq0qCk88jnQc6.jpg,2024-06-11,Wild Eyed and Wicked,False,4.6,11
30,False,/fY3lD0jM5AoHJMunjGWqJ0hRteI.jpg,"[878, 27, 28]",940721,ja,ゴジラ-1.0,"In postwar Japan, Godzilla brings new devastation to an already scorched landscape. With no military intervention or government help in sight, the survivors must join together in the face of despair and fight back against an unrelenting horror.",354.333,/hkxxMIGaiCTmrEArK7J56JTKUlB.jpg,2023-11-03,Godzilla Minus One,False,7.593,1780
31,False,/2KGxQFV9Wp1MshPBf8BuqWUgVAz.jpg,"[16, 28, 12, 35, 10751]",940551,en,Migration,"After a migrating duck family alights on their pond with thrilling tales of far-flung places, the Mallard family embarks on a family road trip, from New England, to New York City, to tropical Jamaica.",413.092,/ldfCF9RhR40mppkzmftxapaHeTo.jpg,2023-12-06,Migration,False,7.457,1465
32,False,/tkHQ7tnYYUEnqlrKuhufIsSVToU.jpg,[27],437342,en,The First Omen,"When a young American woman is sent to Rome to begin a life of service to the church, she encounters a darkness that causes her to question her own faith and uncovers a terrifying conspiracy that hopes to bring about the birth of evil incarnate.",373.988,/uGyiewQnDHPuiHN9V4k2t9QBPnh.jpg,2024-04-03,The First Omen,False,6.796,576
33,False,/iafs5DG5fGq7ef0acl3xlX4BFrs.jpg,"[18, 10770]",1219685,fr,Un père idéal,,421.733,/4xJd3uwtL1vCuZgEfEc8JXI9Uyx.jpg,2024-04-21,Un père idéal,False,6.123,53
34,False,/k9X79JC2dDTcSpxuKJ3p2Teq3oZ.jpg,"[878, 28, 12]",1025463,pt,Biônicos,"When the progress of robotics makes Paralympic athletes the new sports stars, Maria dreams of competing against her sister. For that, she will have to enter a world of crime and violence.",454.741,/xVCYzdBE6lo3sUFK1OMZnXvpGtT.jpg,2024-05-28,Bionic,False,5.5,89
35,False,/s9hW1DHfgy5ppK1fTUJuMKh4YFK.jpg,"[28, 53]",980083,en,Top Gunner: Danger Zone,"An airliner filled with 800 passengers is forced to fly fast and low, above farmlands, suburbs and skyscraper-packed cities or the tons of explosives aboard will detonate. When an elite unit of US Air Force fighter jets is sent to provide escort, they find themselves facing a squadron of unidentifiable warplanes which ignites a deadly air battle that threatens to destroy all life above and below.",390.393,/29UCk1nvPzn2XubLk5rKDMlHBRu.jpg,2022-05-20,Top Gunner: Danger Zone,False,6.1,33
36,False,/4XM8DUTQb3lhLemJC51Jx4a2EuA.jpg,"[28, 80, 53]",385687,en,Fast X,"Over many missions and against impossible odds, Dom Toretto and his family have outsmarted, out-nerved and outdriven every foe in their path. Now, they confront the most lethal opponent they've ever faced: A terrifying threat emerging from the shadows of the past who's fueled by blood revenge, and who is determined to shatter this family and destroy everything—and everyone—that Dom loves, forever.",365.414,/fiVW06jE7z9YnO4trhaMEdclSiC.jpg,2023-05-17,Fast X,False,7.1,5285
37,False,/nb3xI8XI3w4pMVZ38VijbsyBqP4.jpg,"[18, 36]",872585,en,Oppenheimer,The story of J. Robert Oppenheimer's role in the development of the atomic bomb during World War II.,397.091,/8Gxv8gSFCU0XGDykEGv7zR1n2ua.jpg,2023-07-19,Oppenheimer,False,8.092,8412
38,False,/hU1Q9YVzdYhokr8a9gLywnSUMlN.jpg,"[16, 12, 28, 14, 10751]",1147400,fr,"Miraculous World : Paris, Les Aventures de Toxinelle et Griffe Noire","Miraculous holders from another world appear in Paris. They come from a parallel universe where everything is reversed: the holders of Ladybug and Black Cat Miraculouses, Shadybug and Claw Noir, are the bad guys, and the holder of the Butterfly Miraculous, Hesperia, is a superhero. Ladybug and Cat Noir will have to help Hesperia counter the attacks of their evil doubles and prevent them from seizing the Butterfly's Miraculous. Can our heroes also help Hesperia make Shadybug and Claw Noir better people?",380.681,/7Md3nuV0ZprBTnkdR3OrUCEsrSP.jpg,2023-10-21,"Miraculous World: Paris, Tales of Shadybug and Claw Noir",False,7.278,279
39,False,/gqrnQA6Xppdl8vIb2eJc58VC1tW.jpg,"[28, 12, 878]",76341,en,Mad Max: Fury Road,"An apocalyptic story set in the furthest reaches of our planet, in a stark desert landscape where humanity is broken, and most everyone is crazed fighting for the necessities of life. Within this world exist two rebels on the run who just might be able to restore order.",411.762,/hA2ple9q4qnwxp3hKVNhroipsir.jpg,2015-05-13,Mad Max: Fury Road,False,7.6,21969
40,False,/tkHQ7tnYYUEnqlrKuhufIsSVToU.jpg,[27],437342,en,The First Omen,"When a young American woman is sent to Rome to begin a life of service to the church, she encounters a darkness that causes her to question her own faith and uncovers a terrifying conspiracy that hopes to bring about the birth of evil incarnate.",373.988,/uGyiewQnDHPuiHN9V4k2t9QBPnh.jpg,2024-04-03,The First Omen,False,6.796,576
41,False,/nv6F6tz7r61DUhE7zgHwLJFcTYp.jpg,"[10749, 35, 80]",974635,en,Hit Man,A mild-mannered professor moonlighting as a fake hit man in police stings ignites a chain reaction of trouble when he falls for a potential client.,323.804,/1126gjlBf4hTm9Sgf0ox3LGVEBt.jpg,2024-05-16,Hit Man,False,7.09,410
42,False,/cmgjr2saprHvYw6Ee7MUIqGVQHn.jpg,"[28, 80, 53]",704673,en,Trigger Warning,A Special Forces commando uncovers a dangerous conspiracy when she returns to her hometown looking for answers into her beloved father's death.,512.078,/6XJM3C47iGOK9nFU6yLFCSf4U5c.jpg,2024-06-20,Trigger Warning,False,5.623,159
43,False,/1m1rXopfNDVL3UMiv6kriYaJ3yE.jpg,"[28, 53, 80, 878]",882059,en,Boy Kills World,"When his family is murdered, a deaf-mute named Boy escapes to the jungle and is trained by a mysterious shaman to repress his childish imagination and become an instrument of death.",355.483,/25JskXmchcYwj3jHRmcPm738MpB.jpg,2024-04-24,Boy Kills World,False,6.887,319
44,False,/4woSOUD0equAYzvwhWBHIJDCM88.jpg,"[28, 27, 53]",1096197,en,No Way Up,Characters from different backgrounds are thrown together when the plane they're travelling on crashes into the Pacific Ocean. A nightmare fight for survival ensues with the air supply running out and dangers creeping in from all sides.,342.298,/hu40Uxp9WtpL34jv3zyWLb5zEVY.jpg,2024-01-18,No Way Up,False,6.497,758
45,False,/5Eip60UDiPLASyKjmHPMruggTc4.jpg,"[27, 9648, 53]",1041613,en,Immaculate,"An American nun embarks on a new journey when she joins a remote convent in the Italian countryside. However, her warm welcome quickly turns into a living nightmare when she discovers her new home harbours a sinister secret and unspeakable horrors.",316.157,/fdZpvODTX5wwkD0ikZNaClE4AoW.jpg,2024-03-20,Immaculate,False,6.309,627
46,False,/tRS6jvPM9qPrrnx2KRp3ew96Yot.jpg,"[80, 9648, 53]",414906,en,The Batman,"In his second year of fighting crime, Batman uncovers corruption in Gotham City that connects to his own family while facing a serial killer known as the Riddler.",328.552,/74xTEgt7R36Fpooo50r9T25onhq.jpg,2022-03-01,The Batman,False,7.7,9758
47,False,/1r1dWa9yf1LeSLfkOfkSqxmWHdK.jpg,"[14, 12, 35]",967847,en,Ghostbusters: Frozen Empire,"When the discovery of an ancient artifact unleashes an evil force, Ghostbusters new and old must join forces to protect their home and save the world from a second Ice Age.",312.188,/e1J2oNzSBdou01sUvriVuoYp0pJ.jpg,2024-03-20,Ghostbusters: Frozen Empire,False,6.7,1034
48,False,/ffdqHMWkh1h9MABwIfbfRJhgFW6.jpg,"[28, 53, 878]",218,en,The Terminator,"In the post-apocalyptic future, reigning tyrannical supercomputers teleport a cyborg assassin known as the ""Terminator"" back to 1984 to kill Sarah Connor, whose unborn son is destined to lead insurgents against 21st century mechanical hegemony. Meanwhile, the human-resistance movement dispatches a lone warrior to safeguard Sarah. Can he stop the virtually indestructible killing machine?",331.884,/qvktm0BHcnmDpul4Hz01GIazWPr.jpg,1984-10-26,The Terminator,False,7.667,12672
49,False,/yY76zq9XSuJ4nWyPDuwkdV7Wt0c.jpg,"[28, 53, 878]",577922,en,Tenet,"Armed with only one word - Tenet - and fighting for the survival of the entire world, the Protagonist journeys through a twilight world of international espionage on a mission that will unfold in something beyond real time.",360.725,/k68nPLbIST6NP96JmTxmZijEvCA.jpg,2020-08-22,Tenet,False,7.186,9524
50,False,/3RWsSQlqzRjsuqSRmoyggy74UA7.jpg,"[28, 14, 35]",43074,en,Ghostbusters,"Following a ghost invasion of Manhattan, paranormal enthusiasts Erin Gilbert and Abby Yates, nuclear engineer Jillian Holtzmann, and subway worker Patty Tolan band together to stop the otherworldly threat.",307.173,/wJmWliwXIgZOCCVOcGRBhce7xPS.jpg,2016-07-14,Ghostbusters,False,5.36,6269
51,False,/pDKFL1zcHzEpmz4MJA5JJnRbJeD.jpg,"[27, 53, 18]",405774,en,Bird Box,"Five years after an ominous unseen presence drives most of society to suicide, a survivor and her two children make a desperate bid to reach safety.",354.7,/rGfGfgL2pEPCfhIvqHXieXFn7gp.jpg,2018-12-13,Bird Box,False,6.842,9678
52,False,/lntyt4OVDbcxA1l7LtwITbrD3FI.jpg,"[18, 10749]",1010581,es,Culpa mía,"Noah must leave her city, boyfriend, and friends to move into William Leister's mansion, the flashy and wealthy husband of her mother Rafaela. As a proud and independent 17 year old, Noah resists living in a mansion surrounded by luxury. However, it is there where she meets Nick, her new stepbrother, and the clash of their strong personalities becomes evident from the very beginning.",325.162,/w46Vw536HwNnEzOa7J24YH9DPRS.jpg,2023-06-08,My Fault,False,7.961,2628
53,False,/r4TxCaZvQ2bLFoXRLHGfii6b3tJ.jpg,"[28, 35, 80, 53]",9737,en,Bad Boys,"Marcus Burnett is a henpecked family man. Mike Lowry is a footloose and fancy free ladies' man. Both Miami policemen, they have 72 hours to reclaim a consignment of drugs stolen from under their station's nose. To complicate matters, in order to get the assistance of the sole witness to a murder, they have to pretend to be each other.",284.337,/x1ygBecKHfXX4M2kRhmFKWfWbJc.jpg,1995-04-07,Bad Boys,False,6.803,6108
54,False,/6iUNJZymJBMXXriQyFZfLAKnjO6.jpg,"[28, 12, 14]",297762,en,Wonder Woman,An Amazon princess comes to the world of Man in the grips of the First World War to confront the forces of evil and bring an end to human conflict.,301.486,/imekS7f1OuHyUP2LAiTEM0zBzUz.jpg,2017-05-30,Wonder Woman,False,7.227,19613
55,False,/AuKXTyCVzeIdtTe1NAQnJa1ZC7I.jpg,"[16, 14, 10751]",739547,en,Thelma the Unicorn,"Thelma dreams of being a glamorous unicorn. Then in a rare pink and glitter-filled moment of fate, Thelma's wish comes true. She rises to instant international stardom, but at an unexpected cost. After a while, Thelma realizes that she was happier as her ordinary, sparkle-free self. So she ditches her horn, scrubs off her sparkles, and returns home, where her best friend is waiting for her with a hug.",282.039,/yutiEZ7taGDNau2jGjKIdDwQpDw.jpg,2024-05-17,Thelma the Unicorn,False,6.981,108
56,False,,[18],467407,ja,ココロとカラダ,"A few years ago,  when Tomomi (Hiroko Akune) was on the way home from school, she saw her friend Keiko (Misaki Mori) about to be raped by a man. Tomomi hit the man in the head with a stone and saved Keiko.  In the present, Keiko, has buried her past, sells her body in Tokyo. One day, Keiko is contacted by Tomomi. They haven't spoken since their high school graduation. They meet and Keiko lets Tomomi stay at her apartment. Soon, the bizarre lives of the two women begins, with Tomomi also selling her body.",321.41,/tJSNalCgcqfI8mbI5xFveJGTQDv.jpg,2004-12-11,Kokoro to Karada,False,7.667,6
57,False,/7lmBufEG7P7Y1HClYK3gCxYrkgS.jpg,"[12, 28, 878]",10138,en,Iron Man 2,"With the world now aware of his dual life as the armored superhero Iron Man, billionaire inventor Tony Stark faces pressure from the government, the press and the public to share his technology with the military. Unwilling to let go of his invention, Stark, with Pepper Potts and James 'Rhodey' Rhodes at his side, must forge new alliances – and confront powerful enemies.",222.291,/6WBeq4fCfn7AN0o21W9qNcRF2l9.jpg,2010-04-28,Iron Man 2,False,6.841,20561
58,False,/7IgL9NzlXSSHXyYoZHXVJEKQhkg.jpg,"[16, 35]",1284004,en,May the 12th Be with You,"It's Mother's Day and Marge Simpson joins the moms of Disney+ on a special holiday outing that turns into an epic galactic adventure filled with heroes, villains, and Stewie from Family Guy.",272.225,/sHJ2OIgpcpSmhqXkuSWxZ3nwg1S.jpg,2024-05-09,May the 12th Be with You,False,5.597,31
59,False,/w2zsNG7WKBMH35QqcFYILEAdYDU.jpg,"[14, 12, 10751]",1026999,pl,Akademia Pana Kleksa,"A seemingly ordinary girl finds her way into the eponymous Academy to explore the world of fairy tales, imagination and creativity. With the help of a crazy, talented teacher, she develops her unique abilities and also stumbles upon a clue that will help her unravel the biggest secret of the family...",420.924,/ymbECZscR8BTkdvXziSinMIckAz.jpg,2024-01-05,Kleks Academy,False,6.081,43
60,False,/w2zsNG7WKBMH35QqcFYILEAdYDU.jpg,"[14, 12, 10751]",1026999,pl,Akademia Pana Kleksa,"A seemingly ordinary girl finds her way into the eponymous Academy to explore the world of fairy tales, imagination and creativity. With the help of a crazy, talented teacher, she develops her unique abilities and also stumbles upon a clue that will help her unravel the biggest secret of the family...",420.924,/ymbECZscR8BTkdvXziSinMIckAz.jpg,2024-01-05,Kleks Academy,False,6.081,43
61,False,/3N5QNUqS76GFYNoEayfkkJyAyTN.jpg,"[35, 12]",346698,en,Barbie,"Barbie and Ken are having the time of their lives in the colorful and seemingly perfect world of Barbie Land. However, when they get a chance to go to the real world, they soon discover the joys and perils of living among humans.",281.25,/iuFNMS8U5cb6xfzi51Dbkovj7vM.jpg,2023-07-19,Barbie,False,7.048,8501
62,False,/kaIfm5ryEOwYg8mLbq8HkPuM1Fo.jpg,"[28, 12, 878]",284053,en,Thor: Ragnarok,"Thor is imprisoned on the other side of the universe and finds himself in a race against time to get back to Asgard to stop Ragnarok, the destruction of his home-world and the end of Asgardian civilization, at the hands of a powerful new threat, the ruthless Hela.",275.177,/rzRwTcFvttcN1ZpX2xv4j3tSdJu.jpg,2017-10-02,Thor: Ragnarok,False,7.593,20339
63,False,/w5IDXtifKntw0ajv2co7jFlTQDM.jpg,"[878, 9648, 12]",62,en,2001: A Space Odyssey,"Humanity finds a mysterious object buried beneath the lunar surface and sets off to find its origins with the help of HAL 9000, the world's most advanced super computer.",263.312,/ve72VxNqjGM69Uky4WTo2bK6rfq.jpg,1968-04-02,2001: A Space Odyssey,False,8.076,11181
64,False,/dvBCdCohwWbsP5qAaglOXagDMtk.jpg,"[878, 28, 35]",533535,en,Deadpool & Wolverine,"A listless Wade Wilson toils away in civilian life with his days as the morally flexible mercenary, Deadpool, behind him. But when his homeworld faces an existential threat, Wade must reluctantly suit-up again with an even more reluctant Wolverine.",277.293,/jbwYaoYWZwxtPP76AZnfYKQjCEB.jpg,2024-07-24,Deadpool & Wolverine,False,0.0,0
65,False,/zRKQW58MBEY078AxkHxEJzUskCl.jpg,"[878, 12]",438631,en,Dune,"Paul Atreides, a brilliant and gifted young man born into a great destiny beyond his understanding, must travel to the most dangerous planet in the universe to ensure the future of his family and his people. As malevolent forces explode into conflict over the planet's exclusive supply of the most precious resource in existence-a commodity capable of unlocking humanity's greatest potential-only those who can conquer their fear will survive.",270.54,/d5NXSklXo0qyIYkgV94XAgMIckC.jpg,2021-09-15,Dune,False,7.785,12018
66,False,/70Rm9ItxKuEKN8iu6rNjfwAYUCJ.jpg,"[27, 9648, 53]",760104,en,X,"In 1979, a group of young filmmakers set out to make an adult film in rural Texas, but when their reclusive, elderly hosts catch them in the act, the cast find themselves fighting for their lives.",294.361,/A7YPhQKdcr6XB1kCUdS4tHifYWd.jpg,2022-03-17,X,False,6.733,2870
67,False,/gxSVZCUlDd8upT1G2wdrUdz2hxG.jpg,"[28, 80, 35]",8961,en,Bad Boys II,"Detectives Marcus Burnett and Mike Lowrey of the Miami Narcotics Task Force are tasked with stopping the flow of the drug ecstasy into Miami. They track the drugs to the whacked-out Cuban drug lord Johnny Tapia, who is also involved in a bloody war with Russian and Haitian mobsters. If that isn't bad enough, there's tension between the two detectives when Marcus discovers that playboy Mike is secretly romancing Marcus’ sister, Syd.",224.131,/yCvB5fG5aEPqa1St7ihY6KEAsHD.jpg,2003-07-18,Bad Boys II,False,6.623,5222
68,False,/AmR3JG1VQVxU8TfAvljUhfSFUOx.jpg,"[27, 878]",348,en,Alien,"During its return to the earth, commercial spaceship Nostromo intercepts a distress signal from a distant planet. When a three-member team of the crew discovers a chamber containing thousands of eggs on the planet, a creature inside one of the eggs attacks an explorer. The entire crew is unaware of the impending nightmare set to descend upon them when the alien parasite planted inside its unfortunate host is birthed.",269.573,/vfrQk5IPloGg1v9Rzbh2Eg3VGyM.jpg,1979-05-25,Alien,False,8.155,14096
69,False,/qAzYK4YPSWDc7aa4R43LcwRIAyb.jpg,"[28, 12, 878]",299537,en,Captain Marvel,"The story follows Carol Danvers as she becomes one of the universe’s most powerful heroes when Earth is caught in the middle of a galactic war between two alien races. Set in the 1990s, Captain Marvel is an all-new adventure from a previously unseen period in the history of the Marvel Cinematic Universe.",302.74,/AtsgWhDnHTq68L0lLsUrCnM7TjG.jpg,2019-03-06,Captain Marvel,False,6.819,15364
70,False,/yF1eOkaYvwiORauRCPWznV9xVvi.jpg,"[28, 12, 878]",298618,en,The Flash,"When his attempt to save his family inadvertently alters the future, Barry Allen becomes trapped in a reality in which General Zod has returned and there are no Super Heroes to turn to. In order to save the world that he is in and return to the future that he knows, Barry's only hope is to race for his life. But will making the ultimate sacrifice be enough to reset the universe?",273.319,/rktDFPbfHfUbArZ6OOOKsXcv0Bm.jpg,2023-06-13,The Flash,False,6.731,3979
71,False,/fOy2Jurz9k6RnJnMUMRDAgBwru2.jpg,"[16, 10751, 35, 14]",508947,en,Turning Red,"Thirteen-year-old Mei is experiencing the awkwardness of being a teenager with a twist – when she gets too excited, she transforms into a giant red panda.",259.308,/qsdjk9oAKSQMWs0Vt5Pyfh6O4GZ.jpg,2022-03-10,Turning Red,False,7.385,5038
72,False,/tpiqEVTLRz2Mq7eLq5DT8jSrp71.jpg,"[878, 28, 18]",934632,en,Rebel Moon - Part Two: The Scargiver,"The rebels gear up for battle against the ruthless forces of the Motherworld as unbreakable bonds are forged, heroes emerge — and legends are made.",233.003,/cxevDYdeFkiixRShbObdwAHBZry.jpg,2024-04-19,Rebel Moon - Part Two: The Scargiver,False,6.1,887
73,False,/dYGJ9cI3pUjCUITfxxsO5kEGKTF.jpg,"[35, 9648]",1279433,pl,Spadek,"When their rich uncle passes, his mansion of intricate puzzles becomes the backdrop for his estranged family's quest to secure a portion of his wealth.",238.096,/A4UklDW0DYytzK5aydQIM3vw4dL.jpg,2024-06-19,Inheritance,False,5.673,52
74,False,/ncEsesgOJDNrTUED89hYbA117wo.jpg,"[28, 878]",603,en,The Matrix,"Set in the 22nd century, The Matrix tells the story of a computer hacker who joins a group of underground insurgents fighting the vast and powerful computers who now rule the earth.",252.317,/f89U3ADr1oiB1s9GkdPOEpXUk5H.jpg,1999-03-31,The Matrix,False,8.217,25069
75,False,/2qluV8y79LnBBHaMpwewCjQ1Htk.jpg,"[878, 27, 9648]",126889,en,Alien: Covenant,"The crew of the colony ship Covenant, bound for a remote planet on the far side of the galaxy, discovers what they think is an uncharted paradise but is actually a dark, dangerous world.",223.475,/zecMELPbU5YMQpC81Z8ImaaXuf9.jpg,2017-05-09,Alien: Covenant,False,6.1,8245
76,False,/pwGmXVKUgKN13psUjlhC9zBcq1o.jpg,"[28, 14]",634492,en,Madame Web,"Forced to confront revelations about her past, paramedic Cassandra Webb forges a relationship with three young women destined for powerful futures...if they can all survive a deadly present.",258.164,/rULWuutDcN5NvtiZi4FRPzRYWSh.jpg,2024-02-14,Madame Web,False,5.599,1447
77,False,/n6bUvigpRFqSwmPp1m2YADdbRBc.jpg,"[80, 53, 18]",475557,en,Joker,"During the 1980s, a failed stand-up comedian is driven insane and turns to a life of crime and chaos in Gotham City while becoming an infamous psychopathic crime figure.",241.532,/udDclJoHjfjb8Ekgsd4FDteOkCU.jpg,2019-10-01,Joker,False,8.161,24786
78,False,/9QusGjxcYvfPD1THg6oW3RLeNn7.jpg,"[28, 12, 14]",297802,en,Aquaman,"Half-human, half-Atlantean Arthur Curry is taken on the journey of his lifetime to discover if he is worth of being a king.",331.226,/zdw7Wf97vsQ0YnGomxDqfcEdUjX.jpg,2018-12-07,Aquaman,False,6.895,13763
79,False,/en971MEXui9diirXlogOrPKmsEn.jpg,"[28, 12, 35]",293660,en,Deadpool,"The origin story of former Special Forces operative turned mercenary Wade Wilson, who, after being subjected to a rogue experiment that leaves him with accelerated healing powers, adopts the alter ego Deadpool. Armed with his new abilities and a dark, twisted sense of humor, Deadpool hunts down the man who nearly destroyed his life.",262.847,/3E53WEZJqP6aM84D8CckXx4pIHw.jpg,2016-02-09,Deadpool,False,7.614,30069
80,False,/jnE1GA7cGEfv5DJBoU2t4bZHaP4.jpg,"[28, 878]",1094844,en,Ape vs Mecha Ape,"Recognizing the destructive power of its captive giant Ape, the military makes its own battle-ready A.I., Mecha Ape. But its first practical test goes horribly wrong, leaving the military no choice but to release the imprisoned giant ape to stop the colossal robot before it destroys downtown Chicago.",255.271,/dJaIw8OgACelojyV6YuVsOhtTLO.jpg,2023-03-24,Ape vs Mecha Ape,False,5.777,253
81,False,/oe7mWkvYhK4PLRNAVSvonzyUXNy.jpg,"[28, 53]",359410,en,Road House,"Ex-UFC fighter Dalton takes a job as a bouncer at a Florida Keys roadhouse, only to discover that this paradise is not all it seems.",249.268,/lwPsIgh98Wnpvkr3svkZwlhDrfm.jpg,2024-03-08,Road House,False,7.013,1950
82,False,/rZ8VxBH8QRHGQi9YztBRm3eAsxL.jpg,"[14, 10751]",1279104,en,The Legend of Catclaws Mountain,"Mindy adopts Angel, a high-spirited pony that—according to legend—will lead its owner to gold hidden in the nearby mountains. When Angel is kidnapped by a mad treasure hunter, Mindy and her school friends head into the hills to rescue the pony and hunt for the lost gold. But Mindy meets a mountain man that warns her the treasure is part of an ancient curse—if they remove the gold, they'll destroy the beautiful forest.",229.818,/4T3Gz4ZC8H6kaEpq56S4j3mI40L.jpg,2024-05-27,The Legend of Catclaws Mountain,False,6.7,10
83,False,/7ZP8HtgOIDaBs12krXgUIygqEsy.jpg,"[878, 28, 14, 12]",601796,ko,외계+인 1부,"Gurus in the late Goryeo dynasty try to obtain a fabled, holy sword, and humans in 2022 hunt down an alien prisoner that is locked in a human's body. The two parties cross paths when a time-traveling portal opens up.",251.173,/8QVDXDiOGHRcAD4oM6MXjE0osSj.jpg,2022-07-20,Alienoid,False,6.89,369
84,False,/sI6uCeF8mUlZx22mFfHSi9W3XQ9.jpg,"[10749, 35, 18]",843527,en,The Idea of You,"40-year-old single mom Solène begins an unexpected romance with 24-year-old Hayes Campbell, the lead singer of August Moon, the hottest boy band on the planet. As they begin a whirlwind romance, it isn't long before Hayes' superstar status poses unavoidable challenges to their relationship, and Solène soon discovers that life in the glare of his spotlight might be more than she bargained for.",247.998,/zDi2U7WYkdIoGYHcYbM9X5yReVD.jpg,2024-05-02,The Idea of You,False,7.41,1097
85,False,/ksZTspehDCC4PCZN8ci31pFT6yp.jpg,"[28, 36, 18, 10752]",660360,ko,노량: 죽음의 바다,"The Imjin War reaches its seventh year in December of 1598. Admiral Yi Sun-shin learns that the Wa invaders in Joseon are preparing for a swift withdrawal following the deathbed orders of their leader Toyotomi Hideyoshi. Determined to destroy the enemy once and for all, Admiral Yi leads an allied fleet of Joseon and Ming ships to mount a blockade and annihilate the Wa army. However, once Ming commander Chen Lin is bribed into lifting the blockade, Wa lord Shimazu Yoshihiro and his Satsuma army sail to the Wa army’s rescue at Noryang Strait.",246.4,/wFAe7gA513Pi2meI4ECwf6YEKR1.jpg,2023-12-20,Noryang: Deadly Sea,False,6.228,127
86,False,/csGprKcRxt7SDpsrKiwxpgLdEsx.jpg,"[878, 28, 12, 53]",16320,en,Serenity,"When the renegade crew of Serenity agrees to hide a fugitive on their ship, they find themselves in an action-packed battle between the relentless military might of a totalitarian regime who will destroy anything – or anyone – to get the girl back and the bloodthirsty creatures who roam the uncharted areas of space. But... the greatest danger of all may be on their ship.",251.717,/4sqUOaPFoP2W81mq1UYqZqf5WzA.jpg,2005-09-25,Serenity,False,7.378,3387
87,False,/l6trIrFvJbQIvHYpaFCKuwqLUbS.jpg,[99],699280,en,Becoming,"Join former first lady Michelle Obama in an intimate documentary looking at her life, hopes and connection with others.",274.96,/f0vo1yoEVlbpJ0Fkn0FgU7dTrO8.jpg,2020-05-06,Becoming,False,7.4,150
88,False,/yyFc8Iclt2jxPmLztbP617xXllT.jpg,"[35, 10751, 14]",787699,en,Wonka,"Willy Wonka – chock-full of ideas and determined to change the world one delectable bite at a time – is proof that the best things in life begin with a dream, and if you’re lucky enough to meet Willy Wonka, anything is possible.",240.412,/qhb1qOilapbapxWQn9jtRCMwXJF.jpg,2023-12-06,Wonka,False,7.169,3109
89,False,/b6ZJZHUdMEFECvGiDpJjlfUWela.jpg,"[28, 12, 878]",284054,en,Black Panther,"King T'Challa returns home to the reclusive, technologically advanced African nation of Wakanda to serve as his country's new leader. However, T'Challa soon finds that he is challenged for the throne by factions within his own country as well as without. Using powers reserved to Wakandan kings, T'Challa assumes the Black Panther mantle to join with ex-girlfriend Nakia, the queen-mother, his princess-kid sister, members of the Dora Milaje (the Wakandan 'special forces') and an American secret agent, to prevent Wakanda from being dragged into a world war.",242.046,/uxzzxijgPIY7slzFvMotPv8wjKA.jpg,2018-02-13,Black Panther,False,7.385,21788
90,False,/7kQvHmGyKJv2wSKVfCUux50rd7A.jpg,[878],920342,zh,异兽战场,"The soldier king Qin Yang's fiancée Ye Qin met with an unknown beast and died tragically. Gu Ping invites him to participate in Ye Qin's scientific research before her death. But Gu Ping is using Ye Qin's research results to combine the genes of unknown beasts to create the ""Zero"" dragon creature. The intelligent dragon creature, coupled with the extra-terrestrial beast evolved by devouring,  an imminent city war is coming...",247.238,/nBVYp2xxx2R02n21EGlDky8CgWR.jpg,2021-12-27,Monster's Battlefield,False,6.606,99
91,False,/kK9v1wclQxug6ZUJucD4DTaHgVF.jpg,[18],1366,en,Rocky,An uneducated collector for a Philadelphia loan shark is given a once-in-a-lifetime opportunity to fight against the world heavyweight boxing champion.,230.998,/cqxg1CihGR5ge0i1wYXr4Rdeppu.jpg,1976-11-20,Rocky,False,7.788,7612
92,False,/qekky2LbtT1wtbD5MDgQvjfZQ24.jpg,[28],984324,fr,Le salaire de la peur,"When an explosion at an oil well threatens hundreds of lives, a crack team is called upon to make a deadly desert crossing with nitroglycerine in tow.",235.687,/dIU1oCqyWHSFrfwuB4NKeGaJ9Aw.jpg,2024-03-28,The Wages of Fear,False,6.115,355
93,False,/4HodYYKEIsGOdinkGi2Ucz6X9i0.jpg,"[16, 28, 12, 878]",569094,en,Spider-Man: Across the Spider-Verse,"After reuniting with Gwen Stacy, Brooklyn’s full-time, friendly neighborhood Spider-Man is catapulted across the Multiverse, where he encounters the Spider Society, a team of Spider-People charged with protecting the Multiverse’s very existence. But when the heroes clash on how to handle a new threat, Miles finds himself pitted against the other Spiders and must set out on his own to save those he loves most.",217.019,/8Vt6mWEReuy4Of61Lnj5Xj704m8.jpg,2023-05-31,Spider-Man: Across the Spider-Verse,False,8.364,6402
94,False,/4qCqAdHcNKeAHcK8tJ8wNJZa9cx.jpg,"[12, 28, 878]",11,en,Star Wars,Princess Leia is captured and held hostage by the evil Imperial forces in their effort to take over the galactic Empire. Venturesome Luke Skywalker and dashing captain Han Solo team together with the loveable robot duo R2-D2 and C-3PO to rescue the beautiful princess and restore peace and justice in the Empire.,230.007,/6FfCtAuVAW8XJjZ7eWeLibRLWTw.jpg,1977-05-25,Star Wars,False,8.203,20157
95,False,/qwK9soQmmJ7kRdjLZVXblw3g7AQ.jpg,"[28, 12, 53, 80]",7451,en,xXx,"Xander Cage is your standard adrenaline junkie with no fear and a lousy attitude. When the US Government ""recruits"" him to go on a mission, he's not exactly thrilled. His mission: to gather information on an organization that may just be planning the destruction of the world, led by the nihilistic Yorgi.",298.935,/xeEw3eLeSFmJgXZzmF2Efww0q3s.jpg,2002-08-09,xXx,False,5.933,4101
96,False,/9X7YweCJw3q8Mcf6GadxReFEksM.jpg,"[28, 18, 878]",263115,en,Logan,"In the near future, a weary Logan cares for an ailing Professor X in a hideout on the Mexican border. But Logan's attempts to hide from the world and his legacy are upended when a young mutant arrives, pursued by dark forces.",235.914,/fnbjcRDYn6YviCcePDnGdyAkYsB.jpg,2017-02-28,Logan,False,7.818,18811
97,False,/YL3GPOiDcNraIJOVDCZsoOBoDy.jpg,"[878, 28, 12, 53]",106,en,Predator,A team of elite commandos on a secret mission in a Central American jungle come to find themselves hunted by an extraterrestrial warrior.,210.07,/k3mW4qfJo6SKqe6laRyNGnbB9n5.jpg,1987-06-12,Predator,False,7.53,7792
98,False,/3RkYyseo8OduQpdndyPPCMiJfuC.jpg,"[27, 53]",794,en,The Omen,"Immediately after their miscarriage, the US diplomat Robert Thorn adopts the newborn Damien without the knowledge of his wife. Yet what he doesn’t know is that their new son is the son of the devil.",162.027,/p0LcWxOIoBx0MEZMn8tFcrvDXR1.jpg,1976-06-25,The Omen,False,7.405,2025
99,False,/5mzr6JZbrqnqD8rCEvPhuCE5Fw2.jpg,"[28, 878, 27]",615656,en,Meg 2: The Trench,An exploratory dive into the deepest depths of the ocean of a daring research team spirals into chaos when a malevolent mining operation threatens their mission and forces them into a high-stakes battle for survival.,166.247,/4m1Au3YkjqsxF8iwQy0fPYSxE0h.jpg,2023-08-02,Meg 2: The Trench,False,6.55,3189
100,False,/cgo3OmF84touDrrLkQ1DQ3MRFyO.jpg,"[18, 53]",1700,en,Misery,"After stalking and saving the life of her favorite fiction author in a car accident, his  manic obsessor holds him captive in her remote Colorado home then forces him to write back to life the popular literary character he killed off.",287.726,/23Y65uWaVMpqfbZTN3CT0aei4D5.jpg,1990-11-30,Misery,False,7.76,4500
101,False,/4yrOyO3N55XazHQXXYoqiiPQd40.jpg,[27],938614,en,Late Night with the Devil,"A live broadcast of a late-night talk show in 1977 goes horribly wrong, unleashing evil into the nation's living rooms.",199.108,/u3YQJctMzFN2wAvnkmXy41bXhFv.jpg,2024-03-19,Late Night with the Devil,False,7.349,519
102,False,/6YInbRTk39ckuLYFmUgBCKcKNjb.jpg,"[16, 35, 10751, 14, 10749]",976573,en,Elemental,"In a city where fire, water, land and air residents live together, a fiery young woman and a go-with-the-flow guy will discover something elemental: how much they have in common.",230.16,/4Y1WNkd88JXmGfhtWR7dmDAo1T2.jpg,2023-06-14,Elemental,False,7.652,4133
103,False,/v6MVBFnQOscITvmAy5N5ras2JKZ.jpg,"[878, 28, 12]",1924,en,Superman,"Mild-mannered Clark Kent works as a reporter at the Daily Planet alongside his crush, Lois Lane. Clark must summon his superhero alter-ego when the nefarious Lex Luthor launches a plan to take over the world.",195.737,/d7px1FQxW4tngdACVRsCSaZq0Xl.jpg,1978-12-14,Superman,False,7.1,3699
104,False,/6SSEa1OfqrHGg7XTLNTxbyyioRB.jpg,"[16, 35, 10751]",8920,en,Garfield,"Garfield, the fat, lazy, lasagna lover, has everything a cat could want. But when Jon, in an effort to impress the Liz - the vet and an old high-school crush - adopts a dog named Odie and brings him home, Garfield gets the one thing he doesn't want. Competition.",178.214,/vqwTSWNLyH55g8kBT61s2DgNYEp.jpg,2004-06-10,Garfield,False,5.709,3879
105,False,/eGKiMZtey0kPJZCJsSbIXe7l9r.jpg,"[10749, 27, 18]",949701,th,Sang Krasue 2,"Friends since childhood, two lonely outcasts longing to be loved meet again. However, they must subdue a bloodthirsty demon residing in one of them.",211.984,/1nG0NyRIJgDVlKHqrsJFWHMnyKo.jpg,2023-03-30,Inhuman Kiss: The Last Breath,False,6.75,24
106,False,/ufy3U0Kf9fvbgm6DEhJS68RERys.jpg,[28],597891,en,Kate,A ruthless criminal operative has less than 24 hours to exact revenge on her enemies and in the process forms an unexpected bond with the daughter of one of her past victims.,219.717,/uJgdT1boTSP0dDIjdTgGleg71l4.jpg,2021-09-10,Kate,False,6.65,1448
107,False,/ehumsuIBbgAe1hg343oszCLrAfI.jpg,"[16, 10751, 14, 12]",1022796,en,Wish,"Asha, a sharp-witted idealist, makes a wish so powerful that it is answered by a cosmic force – a little ball of boundless energy called Star. Together, Asha and Star confront a most formidable foe - the ruler of Rosas, King Magnifico - to save her community and prove that when the will of one courageous human connects with the magic of the stars, wondrous things can happen.",227.517,/vgJZSqKMXWDDx09iSIStGKfHMku.jpg,2023-11-13,Wish,False,6.411,1284
108,False,/kti9ufHhCKaOLjg2to4RKfrlkmh.jpg,"[16, 28]",1263421,ja,範馬刃牙VSケンガンアシュラ,"It's the ultimate showdown. The toughest fighters from ""Baki Hanma"" and ""Kengan Ashura"" clash in this unprecedented, hard-hitting martial arts crossover.",215.524,/etbHJxil0wHvYOCmibzFLsMcl2C.jpg,2024-06-05,Baki Hanma VS Kengan Ashura,False,7.839,177
109,False,/8ZTVqvKDQ8emSGUEMjsS4yHAwrp.jpg,"[28, 878, 12]",27205,en,Inception,"Cobb, a skilled thief who commits corporate espionage by infiltrating the subconscious of his targets is offered a chance to regain his old life as payment for a task considered to be impossible: ""inception"", the implantation of another person's idea into a target's subconscious.",200.225,/oYuLEt3zVCKq57qu2F8dT7NIa6f.jpg,2010-07-15,Inception,False,8.368,35924
110,False,/msCHK5Kh1YbdZ0zPJ2nzPUhhSN9.jpg,"[14, 18, 9648]",141,en,Donnie Darko,"After narrowly escaping a bizarre accident, a troubled teenager is plagued by visions of a large bunny rabbit that manipulates him to commit a series of crimes.",232.116,/fhQoQfejY1hUcwyuLgpBrYs6uFt.jpg,2001-01-19,Donnie Darko,False,7.78,12129
111,False,/xGhwfRxTsP9VhDSNsfHqBcRvWKY.jpg,[18],59053,it,La Riffa,"Struggling with a financial crisis, a good-looking widow decides to put herself up for grabs. However, going through with it becomes almost impossible with a new love and the legal system thrown into the mix.",320.344,/2Jc60w8ZemDMYqyJUStcQKy6syi.jpg,1991-11-15,The Raffle,False,6.656,151
112,False,/9n2tJBplPbgR2ca05hS5CKXwP2c.jpg,"[16, 10751, 12, 14, 35]",502356,en,The Super Mario Bros. Movie,"While working underground to fix a water main, Brooklyn plumbers—and brothers—Mario and Luigi are transported down a mysterious pipe and wander into a magical new world. But when the brothers are separated, Mario embarks on an epic quest to find Luigi.",228.199,/qNBAXBIQlnOThrVvA6mA2B5ggV6.jpg,2023-04-05,The Super Mario Bros. Movie,False,7.674,8566
113,False,/ufvqVabcLYc7gY6w9LgAJRcrEt8.jpg,"[18, 10749]",1181068,id,Ipar Adalah Maut,Nisa and Aris initially happy household shakes when Nisa's younger sibling comes to live with them.,215.717,/yBnfwE2aUXyZojWQNSYjBz62qzG.jpg,2024-06-13,In-law is Death,False,7.0,4
114,False,/k37Ccgu05Am1xxgN5GaW0HX9Kkl.jpg,"[27, 53]",1087388,en,Sting,"After raising an unnervingly talented spider in secret, 12-year-old Charlotte must face the truth about her pet and fight for her family's survival.",179.875,/zuSAZIG1PSrxFwPeAlGtg9LTwxo.jpg,2024-04-12,Sting,False,6.4,138
115,False,/yjGllQUm28R4X9xD9T5xMszirgw.jpg,"[80, 18]",235,en,Stand by Me,"After learning that a boy their age has been accidentally killed near their rural homes, four Oregon boys decide to go see the body. On the way, Gordie,  Vern, Chris and Teddy encounter a mean junk man and a marsh full of leeches, as they also learn more about one another and their very different home lives. Just a lark at first, the boys' adventure evolves into a defining event in their lives.",159.72,/vz0w9BSehcqjDcJOjRaCk7fgJe7.jpg,1986-08-08,Stand by Me,False,7.857,5680
116,False,/2Xe9lISpwXKhvKiHttbFfVRERQX.jpg,"[18, 36]",490132,en,Green Book,"Tony Lip, a bouncer in 1962, is hired to drive pianist Don Shirley on a tour through the Deep South in the days when African Americans, forced to find alternate accommodations and services due to segregation laws below the Mason-Dixon Line, relied on a guide called The Negro Motorist Green Book.",217.028,/7BsvSuDQuoqhWmU2fL7W2GOcZHU.jpg,2018-11-16,Green Book,False,8.242,11268
117,False,/criPrxkTggCra1jch49jsiSeXo1.jpg,"[878, 12, 28]",609681,en,The Marvels,"Carol Danvers, aka Captain Marvel, has reclaimed her identity from the tyrannical Kree and taken revenge on the Supreme Intelligence. But unintended consequences see Carol shouldering the burden of a destabilized universe. When her duties send her to an anomalous wormhole linked to a Kree revolutionary, her powers become entangled with that of Jersey City super-fan Kamala Khan, aka Ms. Marvel, and Carol’s estranged niece, now S.A.B.E.R. astronaut Captain Monica Rambeau. Together, this unlikely trio must team up and learn to work in concert to save the universe.",195.875,/9GBhzXMFjgcZ3FdR9w3bUMMTps5.jpg,2023-11-08,The Marvels,False,6.127,2397
118,False,/a2n6bKD7qhCPCAEALgsAhWOAQcc.jpg,"[878, 53, 18]",49047,en,Gravity,"Dr. Ryan Stone, a brilliant medical engineer on her first Shuttle mission, with veteran astronaut Matt Kowalsky in command of his last flight before retiring. But on a seemingly routine spacewalk, disaster strikes. The Shuttle is destroyed, leaving Stone and Kowalsky completely alone-tethered to nothing but each other and spiraling out into the blackness of space. The deafening silence tells them they have lost any link to Earth and any chance for rescue. As fear turns to panic, every gulp of air eats away at what little oxygen is left. But the only way home may be to go further out into the terrifying expanse of space.",222.586,/kZ2nZw8D681aphje8NJi8EfbL1U.jpg,2013-10-03,Gravity,False,7.166,15016
119,False,/ySgY4jBvZ6qchrxKnBg4M8tZp8V.jpg,"[27, 53]",1111873,en,Abigail,"A group of criminals kidnaps a teenage ballet dancer, the daughter of a notorious gang leader, in order to obtain a ransom of $50 million, but over time, they discover that she is not just an ordinary girl. After the kidnappers begin to diminish, one by one, they discover, to their increasing horror, that they are locked inside with an unusual girl.",195.113,/5gKKSoD3iezjoL7YqZONjmyAiRA.jpg,2024-04-18,Abigail,False,6.841,755
120,False,/b93N6Mb08NhFhobB8KrR5GBaPP5.jpg,"[878, 27]",969686,en,4 Horsemen: Apocalypse,A small team of scientists must race against time to stop what seems to be a cascade of global disasters signaling the possible apocalypse and end of days.,189.663,/dt3mo4tArf2llDiht91cnvUtSgT.jpg,2022-04-29,4 Horsemen: Apocalypse,False,5.995,97
121,False,/9hRVHqT4zfdUgfri98TcqJPS2cf.jpg,"[28, 53, 878]",5548,en,RoboCop,"In a violent, near-apocalyptic Detroit, evil corporation Omni Consumer Products wins a contract from the city government to privatize the police force. To test their crime-eradicating cyborgs, the company leads street cop Alex Murphy into an armed confrontation with crime lord Boddicker so they can use his body to support their untested RoboCop prototype. But when RoboCop learns of the company's nefarious plans, he turns on his masters.",200.915,/hHtOgGb3NihlyRATHlKPaFApbrd.jpg,1987-07-17,RoboCop,False,7.322,4933
122,False,/xJHokMbljvjADYdit5fK5VQsXEG.jpg,"[12, 18, 878]",157336,en,Interstellar,The adventures of a group of explorers who make use of a newly discovered wormhole to surpass the limitations on human space travel and conquer the vast distances involved in an interstellar voyage.,199.467,/gEU2QniE6E77NI6lCU6MxlNBvIx.jpg,2014-11-05,Interstellar,False,8.436,34613
123,False,/iTyh3hqTUjiRqQo8Uz1w1KtQti9.jpg,"[18, 878, 9648]",329865,en,Arrival,"Taking place after alien crafts land around the world, an expert linguist is recruited by the military to determine whether they come in peace or are a threat.",199.198,/pEzNVQfdzYDzVK0XqxERIw2x2se.jpg,2016-11-10,Arrival,False,7.603,17371
124,False,/suaEOtk1N1sgg2MTM7oZd2cfVp3.jpg,"[53, 80]",680,en,Pulp Fiction,"A burger-loving hit man, his philosophical partner, a drug-addled gangster's moll and a washed-up boxer converge in this sprawling, comedic crime caper. Their adventures unfurl in three stories that ingeniously trip back and forth in time.",230.346,/d5iIlFn5s0ImszYzBPb8JPIfbXD.jpg,1994-09-10,Pulp Fiction,False,8.488,27286
125,False,/mDfJG3LC3Dqb67AZ52x3Z0jU0uB.jpg,"[12, 28, 878]",299536,en,Avengers: Infinity War,"As the Avengers and their allies have continued to protect the world from threats too large for any one hero to handle, a new danger has emerged from the cosmic shadows: Thanos. A despot of intergalactic infamy, his goal is to collect all six Infinity Stones, artifacts of unimaginable power, and use them to inflict his twisted will on all of reality. Everything the Avengers have fought for has led up to this moment - the fate of Earth and existence itself has never been more uncertain.",263.208,/7WsyChQLEftFiDOVTGkv3hFpyyt.jpg,2018-04-25,Avengers: Infinity War,False,8.246,29050
126,False,/6MmYsaK6poR8f4R8jsBnJBU5tfd.jpg,"[18, 35]",400928,en,Gifted,"Frank, a single man raising his child prodigy niece Mary, is drawn into a custody battle with his mother.",184.653,/7YB2YrMwIm1g8FyZtlvmVDfRnAT.jpg,2017-04-07,Gifted,False,8.037,5269
127,False,/uMSxXLfH7v30gRNBqsQaSP3yqX5.jpg,"[16, 35, 10751, 12, 80, 878]",438148,en,Minions: The Rise of Gru,"A fanboy of a supervillain supergroup known as the Vicious 6, Gru hatches a plan to become evil enough to join them, with the backup of his followers, the Minions.",151.408,/wKiOkZTN9lUUUNZLmtnwubZYONg.jpg,2022-06-29,Minions: The Rise of Gru,False,7.343,3414
128,False,/8lBViysvNJBPkl6zG1LVAaW3qhj.jpg,"[28, 12, 53]",206647,en,Spectre,"A cryptic message from Bond’s past sends him on a trail to uncover a sinister organization. While M battles political forces to keep the secret service alive, Bond peels back the layers of deceit to reveal the terrible truth behind SPECTRE.",214.089,/zj8ongFhtWNsVlfjOGo8pSr7PQg.jpg,2015-10-26,Spectre,False,6.543,10294
129,False,/mYIWIFZRrxCVsOUFM9uUpOdgJ3I.jpg,"[12, 10751, 878]",1071866,en,Space Pups,Two young children and their parents help a trio of aliens transformed as friendly dogs to escape the clutches of a local UFO hunter as they repair their spaceship.,177.513,/jKrQikFt0fhkGTZ79d9DsS7y73z.jpg,2023-07-27,Space Pups,False,7.542,12
130,False,/7I6VUdPj6tQECNHdviJkUHD2u89.jpg,"[28, 53, 80]",603692,en,John Wick: Chapter 4,"With the price on his head ever increasing, John Wick uncovers a path to defeating The High Table. But before he can earn his freedom, Wick must face off against a new enemy with powerful alliances across the globe and forces that turn old friends into foes.",195.096,/vZloFAK7NmvMGKE7VkF5UHaz0I.jpg,2023-03-22,John Wick: Chapter 4,False,7.741,6030
131,False,/3Kzc6V4MWs3RXCmE5DhAYnfWL8F.jpg,"[16, 35, 878]",1239251,en,Megamind vs. the Doom Syndicate,"Megamind's former villain team, The Doom Syndicate, has returned. Our newly crowned blue hero must now keep up evil appearances until he can assemble his friends (Roxanne, Ol' Chum and Keiko) to stop his former evil teammates from launching Metro City to the Moon.",204.416,/1N7terrMeZPwK5qq31MUD0HQ3IG.jpg,2024-03-29,Megamind vs. the Doom Syndicate,False,4.955,99
132,False,/jr8tSoJGj33XLgFBy6lmZhpGQNu.jpg,"[16, 12, 14, 35, 10751]",315162,en,Puss in Boots: The Last Wish,"Puss in Boots discovers that his passion for adventure has taken its toll: He has burned through eight of his nine lives, leaving him with only one life left. Puss sets out on an epic journey to find the mythical Last Wish and restore his nine lives.",174.738,/kuf6dutpsT0vSVehic3EZIqkOBt.jpg,2022-12-07,Puss in Boots: The Last Wish,False,8.235,7357
133,False,/hziiv14OpD73u9gAak4XDDfBKa2.jpg,"[12, 14]",671,en,Harry Potter and the Philosopher's Stone,"Harry Potter has lived under the stairs at his aunt and uncle's house his whole life. But on his 11th birthday, he learns he's a powerful wizard—with a place waiting for him at the Hogwarts School of Witchcraft and Wizardry. As he learns to harness his newfound powers with the help of the school's kindly headmaster, Harry uncovers the truth about his parents' deaths—and about the villain who's to blame.",205.371,/wuMc08IPKEatf9rnMNXvIDxqP4W.jpg,2001-11-16,Harry Potter and the Philosopher's Stone,False,7.913,26699
134,False,/hvqNAz3cq48sh9GKxu4lPiogfBo.jpg,"[28, 80, 9648, 53]",996154,en,Black Lotus,An ex-special forces operative wages a one man war through the streets of Amsterdam to rescue his friend's daughter from the local crime syndicate.,216.553,/y3AeW200hqGLxoPyHMDHpzudylz.jpg,2023-04-12,Black Lotus,False,6.525,122
135,False,/6aoyUbvu0419XLKLIMoH0TkEicH.jpg,"[80, 18]",103,en,Taxi Driver,A mentally unstable Vietnam War veteran works as a night-time taxi driver in New York City where the perceived decadence and sleaze feed his urge for violent action.,168.638,/ekstpH614fwDX8DUln1a2Opz0N8.jpg,1976-02-09,Taxi Driver,False,8.151,11879
136,False,/bmAzESah8IUNRQX5MqeyUrhE5Pr.jpg,"[9648, 878]",2666,en,Dark City,"A man struggles with memories of his past, including a wife he cannot remember, in a nightmarish world with no sun and run by beings with telekinetic powers who seek the souls of humans.",196.632,/AdBe2ow8hdlT2aLBYuUjs0Xkqkw.jpg,1998-02-27,Dark City,False,7.325,2712
137,False,/g83O8ykeRhsMoHA0LjtOOi8m6ZW.jpg,"[35, 28]",1143019,fr,Les Infaillibles,"When a gang of robbers provokes chaos in Paris and humiliates the police, the Minister of the Interior wants new blood at the helm of the investigation: Alia is from Marseille, fiery-tempered and unmanageable, Hugo is Parisian, valedictorian and meticulous. In short, they have every reason to hate each other. A forced alliance, for better or for worse, or maybe blossoming into something else?",290.129,/7PoIAvL3Io5v0HyBliXfXZruQTi.jpg,2024-06-20,The Infallibles,False,5.1,16
138,False,/1fldJZ43ftMj3gKbhf8idjI7fWO.jpg,"[28, 53, 80]",1701,en,Con Air,"Newly-paroled former US Army ranger Cameron Poe is headed back to his wife, but must fly home aboard a prison transport flight dubbed ""Jailbird"" taking the “worst of the worst” prisoners, a group described as “pure predators”, to a new super-prison. Poe faces impossible odds when the transport plane is skyjacked mid-flight by the most vicious criminals in the country led by the mastermind — genius serial killer Cyrus ""The Virus"" Grissom, and backed by black militant Diamond Dog and psychopath Billy Bedlam.",202.542,/kOKjgrEzGOP92rVQ6srA9jtp60l.jpg,1997-06-05,Con Air,False,6.751,4033
139,False,/2vFuG6bWGyQUzYS9d69E5l85nIz.jpg,"[28, 12, 878]",667538,en,Transformers: Rise of the Beasts,"When a new threat capable of destroying the entire planet emerges, Optimus Prime and the Autobots must team up with a powerful faction known as the Maximals. With the fate of humanity hanging in the balance, humans Noah and Elena will do whatever it takes to help the Transformers as they engage in the ultimate battle to save Earth.",194.777,/gPbM0MK8CP8A174rmUwGsADNYKD.jpg,2023-06-06,Transformers: Rise of the Beasts,False,7.33,4321
140,False,/9wJO4MBzkqgUZemLTGEsgUbYyP6.jpg,"[878, 9648, 53]",720321,en,Breathe,"Air-supply is scarce in the near future, forcing a mother and daughter to fight for survival when two strangers arrive desperate for an oxygenated haven.",192.482,/wTW2t8ocWDlHns8I7vQxuqkyK58.jpg,2024-04-04,Breathe,False,5.341,85
141,False,/lUlz0oE3zhAku7QvGoDJCeaFuiO.jpg,"[28, 9648, 53]",1111966,en,Mercy,"An ex-military doctor finds herself in a deadly battle for survival when the Irish mafia seize control of the hospital at which she works. When her son is taken hostage, she is forced to rely upon her battle-hardened past and lethal skills after realizing there’s no one left to save the day but her.",198.48,/8voINwqMlscROrjhN97fGkmhvEV.jpg,2023-05-12,Mercy,False,6.289,64
142,False,/roYyPiQDQKmIKUEhO912693tSja.jpg,"[27, 18, 878]",447332,en,A Quiet Place,A family is forced to live in silence while hiding from creatures that hunt by sound.,182.868,/nAU74GmpUk7t5iklEp3bufwDq4n.jpg,2018-04-03,A Quiet Place,False,7.396,13675
143,False,/2aBDIqdSchYcPnkXqMRctRfYjSV.jpg,"[27, 53]",1264966,en,Silence of the Prey,"In a desperate bid to secure a future for her child, an undocumented immigrant mother takes a caretaker job. Unbeknownst to her, the elderly man conceals a horrifying truth.",183.987,/xRKmXt7036pVZ0OMNgzLsGa26pX.jpg,2024-05-14,Silence of the Prey,False,5.286,7
144,False,/9pkZesKMnblFfKxEhQx45YQ2kIe.jpg,"[27, 53]",381288,en,Split,"Though Kevin has evidenced 23 personalities to his trusted psychiatrist, Dr. Fletcher, there remains one still submerged who is set to materialize and dominate all the others. Compelled to abduct three teenage girls led by the willful, observant Casey, Kevin reaches a war for survival among all of those contained within him — as well as everyone around him — as the walls between his compartments shatter apart.",201.075,/lli31lYTFpvxVBeFHWoe5PMfW5s.jpg,2017-01-19,Split,False,7.3,17002
145,False,/cjRUhKyt2Jo3V1KNzc5tpPNfccG.jpg,"[878, 28, 12]",320288,en,Dark Phoenix,"The X-Men face their most formidable and powerful foe when one of their own, Jean Grey, starts to spiral out of control. During a rescue mission in outer space, Jean is nearly killed when she's hit by a mysterious cosmic force. Once she returns home, this force not only makes her infinitely more powerful, but far more unstable. The X-Men must now band together to save her soul and battle aliens that want to use Grey's new abilities to rule the galaxy.",172.322,/cCTJPelKGLhALq3r51A9uMonxKj.jpg,2019-06-05,Dark Phoenix,False,5.978,6311
146,False,/8rpDcsfLJypbO6vREc0547VKqEv.jpg,"[878, 12, 28]",76600,en,Avatar: The Way of Water,"Set more than a decade after the events of the first film, learn the story of the Sully family (Jake, Neytiri, and their kids), the trouble that follows them, the lengths they go to keep each other safe, the battles they fight to stay alive, and the tragedies they endure.",160.75,/t6HIqrRAclMCA60NsSmeqe9RmNV.jpg,2022-12-14,Avatar: The Way of Water,False,7.625,11416
147,False,/zMtBbNhROxPf0urHSBoZUnqJEwT.jpg,"[16, 10751, 10402, 14, 35]",901362,en,Trolls Band Together,"When Branch's brother, Floyd, is kidnapped for his musical talents by a pair of nefarious pop-star villains, Branch and Poppy embark on a harrowing and emotional journey to reunite the other brothers and rescue Floyd from a fate even worse than pop-culture obscurity.",173.753,/bkpPTZUdq31UGDovmszsg2CchiI.jpg,2023-10-12,Trolls Band Together,False,7.349,779
148,False,/rzu9BVI9HqY5rG0Xq05ZhewdkYP.jpg,"[18, 35, 10749]",641934,en,Am I OK?,"Lucy and Jane have been best friends for most of their lives and think they know everything there is to know about each other. But when Jane announces she's moving to London, Lucy reveals a long-held secret. As Jane tries to help Lucy, their friendship is thrown into chaos.",186.237,/qKkaG7HVFVe7C1JuxTGwNz0eSyL.jpg,2024-06-11,Am I OK?,False,6.5,112
149,False,/gG9fTyDL03fiKnOpf2tr01sncnt.jpg,"[28, 878, 14]",526896,en,Morbius,"Dangerously ill with a rare blood disorder, and determined to save others suffering his same fate, Dr. Michael Morbius attempts a desperate gamble. What at first appears to be a radical success soon reveals itself to be a remedy potentially worse than the disease.",175.085,/6JjfSchsU6daXk2AKX8EEBjO3Fm.jpg,2022-03-30,Morbius,False,6.036,4138
150,False,/iQFcwSGbZXMkeyKrxbPnwnRo5fl.jpg,"[28, 12, 878]",634649,en,Spider-Man: No Way Home,"Peter Parker is unmasked and no longer able to separate his normal life from the high-stakes of being a super-hero. When he asks for help from Doctor Strange the stakes become even more dangerous, forcing him to discover what it truly means to be Spider-Man.",196.044,/1g0dhYtq4irTY1GPXvft6k4YLjm.jpg,2021-12-15,Spider-Man: No Way Home,False,7.965,19543
151,False,/9c0lHTXRqDBxeOToVzRu0GArSne.jpg,"[878, 28]",935271,en,After the Pandemic,"Set in a post-apocalyptic world where a global airborne pandemic has wiped out 90% of the Earth's population and only the young and immune have endured as scavengers. For Ellie and Quinn, the daily challenges to stay alive are compounded when they become hunted by the merciless Stalkers.",194.267,/p1LbrdJ53dGfEhRopG71akfzOVu.jpg,2022-03-01,After the Pandemic,False,4.857,70
152,False,/hFtJz4TvoiJJcw2ZOMdhK22aU9P.jpg,[14],617127,en,Blade,A film set in the Marvel Cinematic Universe (MCU) based on the Marvel Comics character of the same name.,186.656,/fKqA4rgVJwrM7Gb3tQ9TGHnu8Tr.jpg,2025-11-05,Blade,False,0.0,0
153,False,/oBIQDKcqNxKckjugtmzpIIOgoc4.jpg,"[28, 53, 10752]",969492,en,Land of Bad,"When a Delta Force special ops mission goes terribly wrong, Air Force drone pilot Reaper has 48 hours to remedy what has devolved into a wild rescue operation. With no weapons and no communication other than the drone above, the ground mission suddenly becomes a full-scale battle when the team is discovered by the enemy.",171.473,/h3jYanWMEJq6JJsCopy1h7cT2Hs.jpg,2024-01-25,Land of Bad,False,7.315,841
154,False,/vVMh8NK0IqxiRdiEztHfClyRnNw.jpg,"[9648, 18]",15,en,Citizen Kane,"Newspaper magnate Charles Foster Kane is taken from his mother as a boy and made the ward of a rich industrialist. As a result, every well-meaning, tyrannical or self-destructive move he makes for the rest of his life appears in some way to be a reaction to that deeply wounding event.",196.091,/sav0jxhqiH0bPr2vZFU0Kjt2nZL.jpg,1941-04-17,Citizen Kane,False,8.009,5344
155,False,/VuukZLgaCrho2Ar8Scl9HtV3yD.jpg,"[878, 28]",335983,en,Venom,"Investigative journalist Eddie Brock attempts a comeback following a scandal, but accidentally becomes the host of Venom, a violent, super powerful alien symbiote. Soon, he must rely on his newfound powers to protect the world from a shadowy organization looking for a symbiote of their own.",179.084,/2uNW4WbgBXL25BAbXGLnLqX71Sw.jpg,2018-09-28,Venom,False,6.828,15436
156,False,/t6TL7V9IsT4Ktx6YO8b1UYj3agd.jpg,"[35, 28, 80]",339846,en,Baywatch,"Devoted lifeguard Mitch Buchannon butts heads with a brash new recruit. Together, they uncover a local criminal plot that threatens the future of the Bay.",168.45,/6HE4xd8zloDqmjMZuhUCCw2UcY1.jpg,2017-05-25,Baywatch,False,6.095,7855
157,False,/3P52oz9HPQWxcwHOwxtyrVV1LKi.jpg,"[28, 35, 12]",383498,en,Deadpool 2,Wisecracking mercenary Deadpool battles the evil and powerful Cable and other bad guys to save a boy's life.,178.189,/to0spRl1CMDvyUbOnbb4fTk3VAd.jpg,2018-05-10,Deadpool 2,False,7.488,17181
158,False,/tmU7GeKVybMWFButWEGl2M4GeiP.jpg,"[18, 80]",238,en,The Godfather,"Spanning the years 1945 to 1955, a chronicle of the fictional Italian-American Corleone crime family. When organized crime family patriarch, Vito Corleone barely survives an attempt on his life, his youngest son, Michael steps in to take care of the would-be killers, launching a campaign of bloody revenge.",172.866,/3bhkrj58Vtu7enYsRolD1fZdja1.jpg,1972-03-14,The Godfather,False,8.693,20000
159,False,/wW7Wt5bXzPy4VOEE4LTIUDyDgBo.jpg,"[12, 14, 28]",22,en,Pirates of the Caribbean: The Curse of the Black Pearl,"Jack Sparrow, a freewheeling 18th-century pirate, quarrels with a rival pirate bent on pillaging Port Royal. When the governor's daughter is kidnapped, Sparrow decides to help the girl's love save her.",152.838,/poHwCZeWzJCShH7tOjg8RIoyjcw.jpg,2003-07-09,Pirates of the Caribbean: The Curse of the Black Pearl,False,7.802,20110
160,False,/rmNlWyez5cniGtXkgixG1ezdqVk.jpg,"[28, 53]",1093995,en,Chief of Station,"After learning that the death of his wife was not an accident, a former CIA Station Chief is forced back into the espionage underworld, teaming up with an adversary to unravel a conspiracy that challenges everything he thought he knew.",176.789,/uuA01PTtPombRPvL9dvsBqOBJWm.jpg,2024-05-02,Chief of Station,False,5.441,51
161,False,/cavK9ox37pxDg11RvJINMH63onU.jpg,"[27, 53]",744857,es,Cuando acecha la maldad,"Residents of a small rural town discover that a demon is about to be born among them. They desperately try to escape before the evil is born, but it may be too late.",155.148,/iQ7G9LhP7NRRIUM4Vlai3eOxBAc.jpg,2023-10-05,When Evil Lurks,False,7.428,773
162,False,/uhG8XcEOoiUnPjyVxdynziwThtv.jpg,"[27, 18, 9648]",1020896,no,Håndtering av udøde,"On an abnormally hot summer day in Oslo, a strange electric field surrounds the city as a collective migraine spreads across town and the newly deceased awake from death.",264.474,/8Jk3aS7tMOD9VRHy7GPIP5OibWw.jpg,2024-02-09,Handling the Undead,False,6.25,12
163,False,/bpV8wn48s82au37QyUJ51S7X2Vf.jpg,[18],489,en,Good Will Hunting,"When professors discover that an aimless janitor is also a math genius, a therapist helps the young man confront the demons that are holding him back.",172.026,/bABCBKYBK7A5G1x0FzoeoNfuj2.jpg,1997-12-05,Good Will Hunting,False,8.154,11981
164,False,,[],1070852,es,Macbeth - Liceu,,113.01,/rixnBIco4Lb2BoAxPDrnzynkDgu.jpg,2016-10-20,Macbeth - Liceu,False,5.0,1
165,False,,[99],121496,es,El último truco,"Documentary film about visual effects master Emilio Ruiz del Rio. From his early works on films at 1942, to his last contribution at 2007, Emilio Ruiz talks on his film experiences and traditional trickery, using foreground miniatures, glass shots, and painted cut out miniatures. It shows interviews with some of the professionals he has worked with, like, Rafaela de Laurentiis, Ray Harryhausen, Guillermo del Toro, or Enzo Castellari",112.87,/7zbhCfLJ4CBrRTH5Y0BypUB4mHl.jpg,2008-11-20,El último truco,False,7.3,3
166,False,/cCvp5Sni75agCtyJkNOMapORUQV.jpg,"[28, 80, 18]",111,en,Scarface,"After getting a green card in exchange for assassinating a Cuban government official, Tony Montana stakes a claim on the drug trade in Miami. Viciously murdering anyone who stands in his way, Tony eventually becomes the biggest drug lord in the state, controlling nearly all the cocaine that comes through Miami. But increased pressure from the police, wars with Colombian drug cartels and his own drug-fueled paranoia serve to fuel the flames of his eventual downfall.",158.184,/iQ5ztdjvteGeboxtmRdXEChJOHh.jpg,1983-12-09,Scarface,False,8.17,11444
167,False,/2iUSt1J8weST8EyoPG8Jwk5hdQX.jpg,[10402],1070879,es,Turandot - Liceu,,112.562,/3onFwNuveK2SVKfeXhG2wTKInlk.jpg,2020-09-19,Turandot - Liceu,False,6.0,1
168,False,/n5A7brJCjejceZmHyujwUTVgQNC.jpg,"[14, 12]",12445,en,Harry Potter and the Deathly Hallows: Part 2,"Harry, Ron and Hermione continue their quest to vanquish the evil Voldemort once and for all. Just as things begin to look hopeless for the young wizards, Harry discovers a trio of magical objects that endow him with powers to rival Voldemort's formidable skills.",125.333,/c54HpQmuwXjHq2C9wmoACjxoom3.jpg,2011-07-12,Harry Potter and the Deathly Hallows: Part 2,False,8.098,20090
169,False,/oZwwwezJFlHmQGBRJDLmENXwOIt.jpg,"[9648, 27, 878]",378018,en,The Void,"In the middle of a routine patrol, officer Daniel Carter happens upon a blood-soaked figure limping down a deserted stretch of road. He rushes the young man to a nearby rural hospital staffed by a skeleton crew, only to discover that patients and personnel are transforming into something inhuman. As the horror intensifies, Carter leads the other survivors on a hellish voyage into the subterranean depths of the hospital in a desperate bid to end the nightmare before it's too late.",170.579,/c0WLRyT0AmUi41nVXBnqmJshIBn.jpg,2016-09-22,The Void,False,5.959,1187
170,False,,"[99, 12]",980220,ca,Planeta Blanc,"Planeta Blanc is a documentary about the first-ever disabled expedition to conquer the South Pole ,Following the last steps of Ernest Shackleton. A history about the capacity of the handicapped.",112.251,/8WUqGyC2NGM20xTzQKQimDxMEfO.jpg,2013-06-01,"White Planet, our South Pole",False,7.0,1
171,False,/zQ4sKBzuX3tgGpl6eiGYT0ur9Nk.jpg,"[18, 10749]",24584,en,Get Real,"Steven spends his school days longing for all-star athlete John. But John has a gorgeous girlfriend, and Steven is still in the closet. Steven's sole confidant is his friend Linda. After a curious run-in with John in a public restroom, Steven starts to wonder if the jock is straight after all. When they begin a romance, it threatens to expose the truth about both of them.",180.003,/k7KCBnt1VXFhPjoTSt4MePr1MpI.jpg,1998-08-16,Get Real,False,6.7,153
172,False,,[35],980418,es,Sala B,,111.944,,2007-04-06,Sala B,False,0.0,0
173,False,/jQCykz7QasN1chtMkUL5vPW8EJy.jpg,[],1072925,es,Hangin',,111.93,/cbJpkEHr6d94BFry8DulBjGm66K.jpg,2011-01-01,Hangin',False,0.0,0
174,False,/j9eOeLlTGoHoM8BNUJVNyWmIvCi.jpg,"[10749, 35]",1072790,en,Anyone But You,"After an amazing first date, Bea and Ben’s fiery attraction turns ice cold — until they find themselves unexpectedly reunited at a destination wedding in Australia. So they do what any two mature adults would do: pretend to be a couple.",180.695,/5qHoazZiaLe7oFBok7XlUhg96f2.jpg,2023-12-21,Anyone But You,False,7.038,1664
175,False,/d3Y9L11tgnYIKhAaRWfbaKGCjcM.jpg,"[35, 80, 28, 18]",399170,en,Logan Lucky,"Trying to reverse a family curse, brothers Jimmy and Clyde Logan set out to execute an elaborate robbery during the legendary Coca-Cola 600 race at the Charlotte Motor Speedway.",153.298,/mQrhrBaaHvRfBQq0Px3HtVbH9iE.jpg,2017-08-17,Logan Lucky,False,6.726,3388
176,False,,[],1071610,es,Torre Barona,,111.053,,2010-01-09,Torre Barona,False,5.0,1
177,False,,"[99, 36]",645397,es,200 Km,"200 km follows the marches carried out by Sintel workers to reach Madrid on May 1, 2002. Sintel was a subsidiary of Telefónica that, when it was privatized, was closed, leaving its 1,800 workers on the streets. One year after setting up the ""Camp of Hope"" with which they occupied Madrid's Avenida de la Castellana for months, and with the promises they were made unfulfilled, Sintel workers began a 10-day, 200-km march to Madrid to claim your job. Premiered on San Sebastian Film Festival 2003.",111.014,/3nQ3bVlFeIa5hMjP1sYOMTgAYlA.jpg,2003-01-01,200 Km,False,6.5,2
178,False,/75nSb1fbWooipwcSU5bUttiOriI.jpg,"[16, 12, 14]",508883,ja,君たちはどう生きるか,"While the Second World War rages, the teenage Mahito, haunted by his mother's tragic death, is relocated from Tokyo to the serene rural home of his new stepmother Natsuko, a woman who bears a striking resemblance to the boy's mother. As he tries to adjust, this strange new world grows even stranger following the appearance of a persistent gray heron, who perplexes and bedevils Mahito, dubbing him the ""long-awaited one.""",258.881,/jDQPkgzerGophKRRn7MKm071vCU.jpg,2023-07-14,The Boy and the Heron,False,7.454,1287
179,False,/3zvZ699gMW2RhWc0GisIukzq0Ls.jpg,"[28, 12, 14]",284052,en,Doctor Strange,"After his career is destroyed, a brilliant but arrogant surgeon gets a new lease on life when a sorcerer takes him under her wing and trains him to defend the world against evil.",179.474,/7WfK17BXE6szXlm4WOxfswgbdsL.jpg,2016-10-25,Doctor Strange,False,7.422,21700
180,False,/baJHUXBcoaHnMf2sjwegbuhIjEV.jpg,[878],9482,en,Judge Dredd,"In a dystopian future, Dredd, the most famous judge (a cop with instant field judiciary powers) is convicted for a crime he did not commit while his murderous counterpart escapes.",186.704,/cfSnKn8NDU3m8UxihjVcYprA0Aq.jpg,1995-06-30,Judge Dredd,False,5.8,2394
181,False,/3nYlM34QhzdtAvWRV5bN4nLtnTc.jpg,"[27, 53, 12]",578,en,Jaws,"When the seaside community of Amity finds itself under attack by a dangerous great white shark, the town's chief of police, a young marine biologist, and a grizzled hunter embark on a desperate quest to destroy the beast before it strikes again.",175.17,/lxM6kqilAdpdhqUl2biYp5frUxE.jpg,1975-06-20,Jaws,False,7.7,10107
182,False,/yc0jYCnnlh8qC39P5mXj5G67VWJ.jpg,"[27, 9648]",635,en,Angel Heart,"A down-and-out Brooklyn detective is hired to track down a singer on an odyssey that will take him through the desperate streets of Harlem, the smoke-filled jazz clubs of New Orleans, and the swamps of Louisiana and its seedy underworld of voodoo.",151.654,/h5v3wjJQNB7q2RntEnKDLhKtTFE.jpg,1987-03-06,Angel Heart,False,7.1,1469
183,False,/uQqQvmptJLPTcWDrZXn22p7j7s3.jpg,"[28, 80, 18, 53]",395990,en,Death Wish,A mild-mannered father is transformed into a killing machine after his family is torn apart by a violent act.,164.641,/g0eEEZAqMf98ULQnoiORuazjOpn.jpg,2018-03-02,Death Wish,False,6.163,2496
184,False,/jsoz1HlxczSuTx0mDl2h0lxy36l.jpg,"[14, 28, 35]",616037,en,Thor: Love and Thunder,"After his retirement is interrupted by Gorr the God Butcher, a galactic killer who seeks the extinction of the gods, Thor Odinson enlists the help of King Valkyrie, Korg, and ex-girlfriend Jane Foster, who now wields Mjolnir as the Mighty Thor. Together they embark upon a harrowing cosmic adventure to uncover the mystery of the God Butcher’s vengeance and stop him before it’s too late.",127.854,/pIkRyD18kl4FhoCNQuWxWu5cBLM.jpg,2022-07-06,Thor: Love and Thunder,False,6.464,7241
185,False,/5fxTB08O7CW1hAcN2MWOKodp1h1.jpg,"[18, 35]",615777,en,Babylon,"A tale of outsized ambition and outrageous excess, tracing the rise and fall of multiple characters in an era of unbridled decadence and depravity during Hollywood's transition from silent films to sound films in the late 1920s.",177.608,/wjOHjWCUE0YzDiEzKv8AfqHj3ir.jpg,2022-12-22,Babylon,False,7.41,2854
186,False,/tBmJCH9llj1Q9jDOS7vGWnl7GVj.jpg,"[16, 878, 28]",1209288,en,Justice League: Crisis on Infinite Earths Part Two,"An endless army of shadow demons bent on the destruction of all reality swarms over our world and all parallel Earths! The only thing opposing them is the mightiest team of metahumans ever assembled. But not even the combined power of Superman, Batman, Wonder Woman, Green Lantern and all their fellow superheroes can slow down the onslaught of this invincible horde. What mysterious force is driving them? And how do the long-buried secrets of the Monitor and Supergirl threaten to crush our last defense?",200.563,/g8ak4QAGLZpqMs3CpnFHWWfIzJQ.jpg,2024-04-22,Justice League: Crisis on Infinite Earths Part Two,False,6.888,98
187,False,,"[99, 10402]",378077,ca,Cançons d'amor i Anarquia,,110.162,/jxH91vKZ7IBDNMAfFrwEQl0b796.jpg,2014-01-18,Cançons d'amor i Anarquia,False,0.0,0
188,False,/2tE0A6WjLowwQOUY8se1Xlf3O6U.jpg,"[18, 36]",68730,en,Silence,"Two Jesuit priests travel to seventeenth century Japan which has, under the Tokugawa shogunate, banned Catholicism and almost all foreign contact.",167.26,/x5T0cQDYws0xRBVG4Q3wpcrcmax.jpg,2016-12-22,Silence,False,7.125,2979
189,False,,[10402],1070859,es,Romeo et Juliette - Liceu,,109.917,/uPozBCnC2Dv52cmJGMU6Tt8g02D.jpg,2018-02-27,Romeo et Juliette - Liceu,False,7.0,1
190,False,/fn4n6uOYcB6Uh89nbNPoU2w80RV.jpg,"[28, 12, 878, 18]",315635,en,Spider-Man: Homecoming,"Following the events of Captain America: Civil War, Peter Parker, with the help of his mentor Tony Stark, tries to balance his life as an ordinary high school student in Queens, New York City, with fighting crime as his superhero alter ego Spider-Man as a new threat, the Vulture, emerges.",154.871,/c24sv2weTHPsmDa7jEMN0m2P3RT.jpg,2017-07-05,Spider-Man: Homecoming,False,7.3,21322
191,False,,[35],980426,es,¡Qué glande es el cine!,,109.296,,2005-07-03,¡Qué glande es el cine!,False,1.0,1
192,False,/1stUIsjawROZxjiCMtqqXqgfZWC.jpg,"[12, 14]",672,en,Harry Potter and the Chamber of Secrets,"Cars fly, trees fight back, and a mysterious house-elf comes to warn Harry Potter at the start of his second year at Hogwarts. Adventure and danger await when bloody writing on a wall announces: The Chamber Of Secrets Has Been Opened. To save Hogwarts will require all of Harry, Ron and Hermione’s magical abilities and courage.",170.122,/sdEOH0992YZ0QSxgXNIGLq1ToUi.jpg,2002-11-13,Harry Potter and the Chamber of Secrets,False,7.721,21424
193,False,/tq8COKsI99Bivjd4CZIYVGoKcIx.jpg,"[10749, 18]",937287,en,Challengers,"Tennis player turned coach Tashi has taken her husband, Art, and transformed him into a world-famous Grand Slam champion. To jolt him out of his recent losing streak, she signs him up for a ""Challenger"" event — close to the lowest level of pro tournament — where he finds himself standing across the net from his former best friend and Tashi's former boyfriend.",178.382,/H6vke7zGiuLsz4v4RPeReb9rsv.jpg,2024-04-18,Challengers,False,7.2,1053
194,False,/91wcqNBLHhKWBIhMknG4qa6ejxE.jpg,"[12, 28, 18]",845111,fr,Les trois mousquetaires : Milady,"D'Artagnan, on a quest to rescue the abducted Constance, runs into the mysterious Milady de Winter again. The tension between the Catholics and the Protestants finally escalates, as the king declares war — forcing the now four musketeers into battle. But as the war goes on, they are tested physically, mentally and emotionally.",180.401,/3biswIjw14uDVil12nMOxcTAfmH.jpg,2023-12-13,The Three Musketeers: Milady,False,6.468,450
195,False,/rVJfabCz1ViynQCEz54MRqdZig1.jpg,"[16, 878, 28]",1155089,en,Justice League: Crisis on Infinite Earths Part One,"Death is coming. Worse than death: oblivion. Not just for our Earth, but for everyone, everywhere, in every universe! Against this ultimate destruction, the mysterious Monitor has gathered the greatest team of Super Heroes ever assembled. But what can the combined might of Superman, Wonder Woman, Batman, The Flash, Green Lantern and hundreds of Super Heroes from multiple Earths even do to save all of reality from an unstoppable antimatter armageddon?!",180.264,/mcRVsjMbhFstRK9z2oGRHiIvulr.jpg,2024-01-08,Justice League: Crisis on Infinite Earths Part One,False,7.624,221
196,False,/obKmfNexgL4ZP5cAmzdL4KbHHYX.jpg,"[12, 14]",673,en,Harry Potter and the Prisoner of Azkaban,"Year three at Hogwarts means new fun and challenges as Harry learns the delicate art of approaching a Hippogriff, transforming shape-shifting Boggarts into hilarity and even turning back time. But the term also brings danger: soul-sucking Dementors hover over the school, an ally of the accursed He-Who-Cannot-Be-Named lurks within the castle walls, and fearsome wizard Sirius Black escapes Azkaban. And Harry will confront them all.",183.134,/aWxwnYoe8p2d2fcxOqtvAtJ72Rw.jpg,2004-05-31,Harry Potter and the Prisoner of Azkaban,False,8.018,21028
197,False,,[18],198639,es,Lo bueno de llorar,"About Crying is a story about a relationship that is close to end. Vera and Alejandro are facing a long night with decisions, doubts, fears, lies, silence and arguments. This story is a trip from the high Barcelona to the sea.",107.081,/72G2LStsNXQaw8Fzr7FiTdQ3ATG.jpg,2006-05-28,About Crying,False,4.0,1
198,False,/8aqTmCHLkktH7RZNALeaOMneHSl.jpg,"[27, 35]",16281,en,Creepshow,"Five tales in the style of classic '50s horror comics, involving a murdered man emerging from the grave, a meteor's ooze that makes everything grow, a snack for a crated creature, a scheming husband, and a malevolent millionaire with an insect phobia.",172.726,/4SoyTCEpsgLjX6yAyMsx3AsAyRQ.jpg,1982-11-10,Creepshow,False,6.932,979
199,False,/wXsQvli6tWqja51pYxXNG1LFIGV.jpg,"[10751, 16, 18]",8587,en,The Lion King,"A young lion prince is cast out of his pride by his cruel uncle, who claims he killed his father. While the uncle rules with an iron paw, the prince grows up beyond the Savannah, living by a philosophy: No worries for the rest of your days. But when his past comes to haunt him, the young prince must decide his fate: Will he remain an outcast or face his demons and become what he needs to be?",164.673,/sKCr78MXSLixwmZ8DyJLrpMsd15.jpg,1994-06-24,The Lion King,False,8.256,17831
